town,road_id,lane_id,entry_s_m,R_m,direction,R_spread,curve_m,heading_deg,lead_in_m,lane_width_m,lanes_left,lanes_right,junction,x,y,v_ay85_kmh,ay_at_130
Town12,20228,2,65.0,413.7,right,0.0,204.0,28.3,0.0,3.5,0,0,True,3943.6,2788.0,116.9,3.15
Town12,20221,-2,64.0,490.2,right,0.167,60.0,7.0,44.0,3.25,0,0,True,979.1,3246.6,127.3,2.66
Town12,20221,-1,67.0,465.8,right,0.0,54.0,6.6,48.0,3.25,0,0,True,979.1,3249.6,124.1,2.8
Town12,620,2,29.1,248.8,right,0.079,88.0,20.3,0.0,3.41,0,0,False,1030.9,3124.8,90.7,5.24
Town12,20209,-2,32.0,116.0,left,0.018,172.0,-85.0,34.0,3.5,0,0,True,3817.7,3110.2,61.9,11.24
Town12,797,-4,176.8,1145.6,right,0.149,654.0,32.7,194.0,3.5,2,0,False,-2502.9,4555.6,130.0,1.14
Town12,1018,-1,407.4,138.8,left,0.155,94.0,-38.8,500.0,3.25,0,1,False,-1247.6,4889.0,67.7,9.4
Town12,184,-2,1.4,228.7,right,0.159,74.0,18.5,0.0,3.5,0,0,False,2441.3,3038.8,86.9,5.7
Town12,1043,-1,43.2,62.7,left,0.157,82.0,-75.0,268.0,2.75,0,0,False,1780.8,2580.1,45.5,20.81
Town12,18448,-4,2.2,297.9,right,0.01,46.0,8.8,0.0,3.5,0,0,True,2480.5,3015.5,99.2,4.38
Town12,619,2,46.5,312.3,right,0.051,100.0,18.3,0.0,3.39,0,0,False,-2329.9,6193.3,101.6,4.18
Town12,162,-2,207.0,302.3,left,0.051,88.0,-16.7,4.0,3.5,0,1,False,2021.2,6052.5,100.0,4.31
Town12,713,-4,183.6,2208.1,left,0.081,398.0,-10.3,500.0,3.5,2,0,False,2114.6,6097.8,130.0,0.59
Town12,713,-3,183.6,2208.1,left,0.081,398.0,-10.3,500.0,3.5,1,1,False,2113.9,6101.2,130.0,0.59
Town12,713,-2,183.6,2208.1,left,0.081,398.0,-10.3,500.0,3.5,0,2,False,2113.3,6104.6,130.0,0.59
Town12,837,-4,344.0,1210.8,left,0.0,420.0,-19.9,258.0,3.5,2,0,False,-1315.6,6461.6,130.0,1.08
Town12,837,-3,344.0,1210.8,left,0.0,420.0,-19.9,258.0,3.5,1,1,False,-1315.9,6465.1,130.0,1.08
Town12,837,-2,344.0,1210.8,left,0.0,420.0,-19.9,258.0,3.5,0,2,False,-1316.3,6468.6,130.0,1.08
Town12,616,-2,24.2,74.4,right,0.12,80.0,61.6,6.0,3.38,0,0,False,-766.4,6469.9,49.6,17.53
Town12,934,-1,15.1,401.1,left,0.167,300.0,-42.8,488.0,3.25,0,1,False,2437.2,3723.7,115.1,3.25
Town12,934,-1,333.4,401.7,right,0.09,300.0,42.8,0.0,3.25,0,1,False,2507.0,4027.0,115.2,3.25
Town12,1063,-2,4.7,501.2,right,0.026,74.0,8.5,0.0,3.5,0,0,False,2647.5,3170.0,128.7,2.6
Town12,1117,-1,48.0,48.9,left,0.164,60.0,-70.3,372.0,2.75,0,0,False,734.3,4192.4,40.2,26.65
Town12,914,-1,161.2,59.8,right,0.166,78.0,74.7,500.0,2.75,0,0,False,1381.9,1780.1,44.5,21.8
Town12,414,1,2.8,48.8,right,0.152,60.0,70.5,500.0,2.75,0,0,False,782.3,4141.8,40.1,26.74
Town12,738,-3,49.7,1185.5,right,0.025,954.0,46.1,124.0,3.5,2,0,False,-2298.3,3734.3,130.0,1.1
Town12,738,-3,50.6,1184.9,right,0.0,860.0,41.6,124.0,3.5,2,0,False,-2297.9,3733.4,130.0,1.1
Town12,738,-2,49.6,1185.6,right,0.026,860.0,41.6,124.0,3.5,1,1,False,-2301.4,3732.7,130.0,1.1
Town12,738,-1,49.6,1185.6,right,0.026,860.0,41.6,124.0,3.5,0,2,False,-2304.5,3731.0,130.0,1.1
Town12,794,-2,45.1,478.5,right,0.005,206.0,24.7,404.0,3.5,0,3,False,-2452.9,6081.8,125.7,2.73
Town12,794,-3,45.1,478.5,right,0.005,206.0,24.7,404.0,3.5,1,2,False,-2450.1,6079.7,125.7,2.73
Town12,794,-4,45.1,478.5,right,0.005,206.0,24.7,404.0,3.5,2,1,False,-2447.3,6077.7,125.7,2.73
Town12,622,-2,0.0,420.3,right,0.046,60.0,8.2,0.0,3.5,0,0,False,-930.1,3025.2,117.9,3.1
Town12,20024,-3,0.0,101.1,left,0.0,1180.0,-668.9,0.0,3.5,1,1,True,-834.6,2987.1,57.8,12.9
Town12,20024,-2,0.0,101.1,left,0.0,1180.0,-668.9,0.0,3.5,0,2,True,-834.5,2990.6,57.8,12.9
Town12,916,-1,133.1,58.9,right,0.168,76.0,73.9,496.0,2.75,0,0,False,1924.6,1720.9,44.1,22.14
Town12,914,1,257.5,59.8,left,0.165,78.0,-74.7,496.0,2.75,0,0,False,1440.9,1718.3,44.5,21.81
Town12,709,2,155.8,366.5,right,0.021,62.0,9.7,2.0,3.5,0,0,False,-724.4,3156.8,110.1,3.56
Town12,588,1,1429.1,227.6,right,0.14,176.0,44.3,0.0,3.5,0,0,False,2464.1,1326.2,86.7,5.73
Town12,966,1,321.2,43.1,right,0.161,52.0,69.1,404.0,3.0,0,0,False,1971.7,4288.9,37.8,30.23
Town12,281,-1,366.0,500.6,left,0.022,392.0,-44.9,324.0,3.0,0,0,False,-3266.1,2743.8,128.6,2.61
Town12,19864,1,0.5,252.0,left,0.01,312.0,-70.9,0.0,3.5,0,0,True,-3426.6,1808.6,91.3,5.17
Town12,367,-1,128.0,506.8,left,0.161,210.0,-23.7,186.0,3.5,0,0,False,-3660.0,1910.7,129.4,2.57
Town12,363,1,244.5,401.9,right,0.174,368.0,52.5,66.0,3.5,0,0,False,-3388.8,1451.6,115.3,3.24
Town12,280,-1,311.3,342.0,left,0.155,226.0,-37.9,0.0,3.0,0,0,False,-3332.7,2228.8,106.3,3.81
Town12,19857,-1,60.0,449.3,right,0.0,198.0,25.2,276.0,3.5,0,0,True,-2879.6,3924.7,121.9,2.9
Town12,17538,-2,37.8,375.3,right,0.179,66.0,10.1,0.0,3.5,0,0,True,-728.7,3158.6,111.4,3.47
Town12,19851,-3,0.0,101.1,left,0.0,1180.0,-668.9,0.0,3.5,1,1,True,-820.2,3199.2,57.8,12.9
Town12,19851,-2,0.0,101.1,left,0.0,1180.0,-668.9,0.0,3.5,0,2,True,-820.5,3195.7,57.8,12.9
Town12,10982,-2,0.7,275.5,right,0.16,228.0,47.4,500.0,3.5,0,1,True,3829.6,5332.5,95.4,4.73
Town12,1033,1,311.6,44.6,left,0.166,52.0,-66.8,170.0,3.0,0,0,False,2326.1,3974.2,38.4,29.25
Town12,1138,1,191.6,95.4,right,0.16,132.0,79.3,500.0,2.75,0,0,False,2388.9,1696.2,56.1,13.67
Town12,992,-1,54.5,41.6,right,0.161,48.0,66.2,162.0,2.75,0,0,False,91.9,4022.7,37.1,31.38
Town12,797,-3,177.4,1144.9,right,0.123,652.0,32.6,286.0,3.5,1,1,False,-2506.4,4555.4,130.0,1.14
Town12,797,-2,177.4,1144.9,right,0.123,652.0,32.6,286.0,3.5,0,2,False,-2509.9,4555.8,130.0,1.14
Town12,19745,-4,0.0,257.4,right,0.084,96.0,21.4,0.0,3.5,0,0,True,-2492.0,5036.5,92.2,5.07
Town12,19745,-2,2.1,253.2,right,0.001,94.0,21.3,0.0,3.5,0,0,True,-2491.7,5034.4,91.5,5.15
Town12,280,1,314.2,264.9,left,0.168,222.0,-48.0,0.0,3.0,0,0,False,-3331.1,2232.6,93.6,4.92
Town12,366,1,62.3,253.7,left,0.167,402.0,-90.8,204.0,3.5,0,0,False,-3502.3,1853.3,91.6,5.14
Town12,1166,1,1869.3,410.0,right,0.0,230.0,32.1,0.0,3.5,0,0,False,3310.0,-1731.9,116.4,3.18
Town12,536,-1,61.0,250.1,right,0.121,138.0,31.6,0.0,2.75,0,0,False,429.5,5871.4,90.9,5.21
Town12,241,1,314.6,87.3,right,0.149,84.0,55.2,500.0,3.25,0,1,False,-22.7,5580.7,53.7,14.94
Town12,241,2,314.8,87.5,right,0.163,84.0,55.0,500.0,3.25,1,0,False,-22.5,5577.4,53.8,14.9
Town12,196,-1,230.0,49.3,right,0.167,62.0,72.0,230.0,2.75,0,0,False,3432.2,-489.2,40.4,26.43
Town12,916,1,227.9,58.8,left,0.163,76.0,-74.0,500.0,2.75,0,0,False,1985.6,1779.0,44.1,22.17
Town12,545,-1,1.8,419.5,left,0.0,216.0,-29.5,0.0,2.75,0,0,False,-565.7,6106.7,117.7,3.11
Town12,17323,-2,10.7,73.5,right,0.162,80.0,62.3,500.0,3.25,0,0,True,-823.0,6398.6,49.3,17.73
Town12,362,-1,396.6,401.2,left,0.13,368.0,-52.6,0.0,3.5,0,0,False,-3379.9,1079.8,115.1,3.25
Town12,360,1,435.2,500.5,left,0.019,348.0,-39.8,120.0,3.5,0,0,False,-3536.6,30.0,128.6,2.61
Town12,208,-1,171.2,45.7,left,0.163,56.0,-70.2,410.0,2.75,0,0,False,-315.6,5056.4,38.9,28.51
Town12,681,1,23.6,521.7,right,0.163,70.0,7.7,444.0,3.25,0,1,False,787.4,4543.5,130.0,2.5
Town12,701,-3,21.5,345.3,right,0.165,314.0,52.1,210.0,3.5,1,0,False,3529.8,5910.3,106.8,3.78
Town12,701,-2,21.6,345.2,right,0.158,314.0,52.1,210.0,3.5,0,1,False,3533.2,5910.9,106.8,3.78
Town12,19399,-4,0.0,100.2,left,0.0,202.0,-115.5,0.0,3.5,2,0,True,2610.2,3190.6,57.6,13.01
Town12,19399,-3,0.0,100.2,left,0.0,1180.0,-674.6,0.0,3.5,1,1,True,2608.0,3187.8,57.6,13.01
Town12,19399,-2,0.0,100.2,left,0.0,1180.0,-674.6,0.0,3.5,0,2,True,2605.9,3185.0,57.6,13.01
Town12,162,-3,207.2,301.5,left,0.038,88.0,-16.7,4.0,3.5,1,0,False,2022.2,6049.1,99.8,4.32
Town12,560,-1,45.1,56.2,left,0.158,48.0,-48.9,360.0,2.75,0,0,False,-1228.4,5664.2,43.1,23.18
Town12,634,-1,105.6,502.7,left,0.03,110.0,-12.5,500.0,2.75,0,0,False,673.2,5289.4,128.9,2.59
Town12,679,-1,68.4,521.8,left,0.165,70.0,-7.7,500.0,3.25,0,1,False,790.9,4454.6,130.0,2.5
Town12,966,-1,251.4,43.0,left,0.148,50.0,-66.5,500.0,3.0,0,0,False,1923.1,4326.9,37.7,30.29
Town12,746,-2,0.0,274.3,left,0.062,78.0,-16.3,500.0,3.25,1,0,False,923.7,4276.1,95.2,4.75
Town12,1138,1,188.4,93.4,right,0.001,128.0,78.6,0.0,2.75,0,0,False,2388.9,1693.0,55.5,13.97
Town12,1043,1,144.4,62.8,right,0.169,82.0,74.8,500.0,2.75,0,0,False,1845.9,2642.2,45.6,20.77
Town12,679,-2,68.4,521.8,left,0.165,70.0,-7.7,500.0,3.25,1,0,False,787.7,4454.0,130.0,2.5
Town12,679,-1,72.2,500.0,left,0.0,64.0,-7.3,0.0,3.25,0,1,False,790.3,4458.2,128.5,2.61
Town12,779,-1,47.5,60.6,left,0.162,78.0,-73.7,500.0,2.75,0,0,False,2891.3,2583.7,44.8,21.51
Town12,929,1,299.0,42.2,left,0.159,50.0,-67.8,176.0,2.75,0,0,False,-1379.0,5139.6,37.4,30.87
Town12,935,2,110.2,399.5,left,0.0,130.0,-18.6,0.0,3.25,1,0,False,2584.7,4327.2,114.9,3.26
Town12,935,1,113.5,412.4,left,0.168,94.0,-13.1,500.0,3.25,0,1,False,2581.0,4329.8,116.7,3.16
Town12,935,2,113.5,410.7,left,0.169,108.0,-15.1,500.0,3.25,1,0,False,2584.2,4330.4,116.5,3.18
Town12,84,-1,127.5,61.5,right,0.165,54.0,50.3,500.0,3.0,0,0,False,987.5,4854.3,45.1,21.19
Town12,10833,-1,11.5,419.5,right,0.0,210.0,28.7,0.0,2.75,0,0,True,-617.6,6237.1,117.7,3.11
Town12,731,1,189.5,474.1,right,0.0,164.0,19.8,64.0,2.75,0,0,False,-691.0,6121.8,125.2,2.75
Town12,731,1,192.6,482.4,right,0.168,170.0,20.2,62.0,2.75,0,0,False,-692.2,6124.7,126.3,2.7
Town12,196,1,309.7,49.2,left,0.15,60.0,-69.9,334.0,2.75,0,0,False,3484.0,-441.2,40.3,26.51
Town12,361,1,220.9,502.7,right,0.154,504.0,57.4,172.0,3.5,0,0,False,-3499.2,613.7,128.9,2.59
Town12,18863,-1,0.0,419.5,left,0.0,318.0,-43.4,0.0,2.75,0,0,True,-500.8,6027.7,117.7,3.11
Town12,731,-1,6.2,474.9,left,0.014,166.0,-20.0,82.0,2.75,0,0,False,-591.0,5969.4,125.3,2.75
Town12,381,1,216.4,42.0,left,0.148,48.0,-65.5,182.0,3.0,0,0,False,1555.4,3723.3,37.2,31.07
Town12,13680,-1,24.4,407.0,right,0.096,96.0,13.5,4.0,3.25,0,0,True,2577.6,4215.3,116.0,3.2
Town12,620,2,30.5,241.1,right,0.126,86.0,20.4,0.0,3.4,0,0,False,1029.7,3125.4,89.3,5.41
Town12,782,1,133.4,54.6,right,0.0,68.0,71.4,500.0,2.75,0,0,False,3710.7,2586.8,42.5,23.89
Town12,986,-1,47.7,52.7,right,0.159,66.0,71.7,500.0,3.0,0,0,False,2838.4,4182.0,41.7,24.73
Town12,18,1,134.4,53.2,left,0.163,66.0,-71.1,500.0,3.0,0,0,False,2119.7,4357.7,41.9,24.53
Town12,986,1,132.2,52.8,left,0.161,66.0,-71.7,500.0,3.0,0,0,False,2898.1,4136.5,41.8,24.72
Town12,560,1,112.4,56.2,right,0.158,48.0,48.9,284.0,2.75,0,0,False,-1196.0,5610.2,43.1,23.19
Town12,701,-2,23.7,345.6,right,0.032,62.0,10.3,212.0,3.5,0,1,False,3532.9,5913.0,106.9,3.77
Town12,18465,-1,0.0,251.8,right,0.0,232.0,52.8,0.0,3.5,0,0,True,-3346.5,1666.7,91.2,5.18
Town12,18451,-3,0.0,100.2,left,0.0,1180.0,-674.6,0.0,3.5,1,1,True,2484.3,3017.1,57.6,13.01
Town12,18451,-2,0.0,100.2,left,0.0,1180.0,-674.6,0.0,3.5,0,2,True,2486.2,3020.0,57.6,13.01
Town12,1155,-1,309.2,456.0,left,0.173,202.0,-25.4,500.0,3.5,0,0,False,-3007.8,3750.2,122.8,2.86
Town12,1152,1,959.5,2007.3,left,0.116,568.0,-16.2,500.0,3.5,0,0,False,-3348.6,2890.0,130.0,0.65
Town12,470,-1,13.0,390.5,left,0.004,150.0,-22.0,0.0,3.0,0,0,False,-2893.2,3082.6,113.6,3.34
Town12,779,1,144.8,60.5,right,0.154,78.0,73.8,500.0,2.75,0,0,False,2954.0,2643.2,44.7,21.55
Town12,1157,-4,634.0,410.7,right,0.0,500.0,69.8,0.0,3.5,2,0,False,3775.2,5970.7,116.5,3.18
Town12,1157,-3,634.0,410.7,right,0.0,500.0,69.8,0.0,3.5,1,1,False,3778.6,5971.3,116.5,3.18
Town12,1157,-2,634.0,410.7,right,0.0,500.0,69.8,0.0,3.5,0,2,False,3782.1,5971.9,116.5,3.18
Town12,738,-3,51.1,1184.9,right,0.0,652.0,31.5,0.0,3.5,2,0,False,-2297.7,3733.0,130.0,1.1
Town12,738,-2,51.1,1184.9,right,0.0,652.0,31.5,0.0,3.5,1,1,False,-2300.8,3731.4,130.0,1.1
Town12,738,-1,51.1,1184.9,right,0.0,652.0,31.5,0.0,3.5,0,2,False,-2303.9,3729.8,130.0,1.1
Town12,942,1,35.3,253.2,left,0.15,76.0,-17.2,0.0,3.25,0,1,False,2427.6,5155.1,91.5,5.15
Town12,942,2,35.5,254.2,left,0.168,76.0,-17.1,0.0,3.25,1,0,False,2430.4,5156.8,91.7,5.13
Town12,1018,2,518.5,137.2,right,0.101,92.0,38.4,500.0,3.25,1,0,False,-1151.3,4842.8,67.3,9.51
Town12,808,-1,16.2,71.6,right,0.031,102.0,81.6,140.0,2.75,0,0,False,-1302.2,3258.1,48.7,18.2
Town12,582,1,408.5,250.8,left,0.158,174.0,-39.8,26.0,2.75,0,0,False,-1560.3,3663.7,91.0,5.2
Town12,17998,-4,0.0,101.1,left,0.0,52.0,-29.5,0.0,3.5,2,0,True,-924.9,3148.2,57.8,12.9
Town12,17998,-3,0.0,101.1,left,0.0,1180.0,-668.9,0.0,3.5,1,1,True,-921.9,3146.5,57.8,12.9
Town12,17998,-2,0.0,101.1,left,0.0,1180.0,-668.9,0.0,3.5,0,2,True,-918.9,3144.7,57.8,12.9
Town12,17963,2,77.9,244.7,right,0.001,58.0,13.6,0.0,3.45,0,0,True,1057.9,3114.4,89.9,5.33
Town12,2365,2,67.4,191.5,right,0.0,86.0,25.7,0.0,3.5,0,0,True,924.0,3078.5,79.6,6.81
Town12,17953,-4,0.0,101.1,left,0.0,200.0,-113.4,0.0,3.5,2,0,True,-895.1,3004.9,57.8,12.9
Town12,17953,-3,0.0,101.1,left,0.0,1180.0,-668.9,0.0,3.5,1,1,True,-893.0,3007.7,57.8,12.9
Town12,17953,-2,0.0,101.1,left,0.0,1180.0,-668.9,0.0,3.5,0,2,True,-890.9,3010.6,57.8,12.9
Town12,167,-2,122.7,380.0,left,0.165,240.0,-36.2,134.0,3.5,0,1,False,661.1,6029.3,112.1,3.43
Town12,17908,-4,0.0,199.1,right,0.061,120.0,34.5,0.0,3.5,0,0,True,4092.1,3297.4,81.1,6.55
Town12,17908,-3,2.1,197.1,right,0.0,116.0,33.7,0.0,3.5,0,0,True,4093.2,3299.1,80.7,6.62
Town12,652,2,32.0,86.3,right,0.027,52.0,34.5,0.0,3.5,0,0,False,4057.3,4077.9,53.4,15.12
Town12,699,-3,136.8,274.0,left,0.126,228.0,-47.7,0.0,3.5,1,0,False,3695.9,5523.7,95.2,4.76
Town12,870,2,20.8,342.7,right,0.158,78.0,13.0,4.0,3.39,0,0,False,-879.4,6469.8,106.4,3.81
Town12,3244,-1,21.2,352.3,left,0.091,120.0,-19.5,0.0,3.25,0,0,True,796.2,4733.3,107.9,3.7
Town12,327,1,2.7,76.9,right,0.155,104.0,77.5,180.0,2.75,0,0,False,464.3,4919.6,50.4,16.96
Town12,14144,2,12.0,278.3,right,0.132,82.0,16.9,0.0,3.25,1,0,True,825.7,4287.4,95.9,4.69
Town12,530,1,828.2,47.9,left,0.167,58.0,-69.4,500.0,2.75,0,0,False,3187.6,-1409.1,39.8,27.24
Town12,67,1,318.8,413.3,left,0.0,110.0,-15.2,16.0,2.75,0,0,False,-1304.6,3578.3,116.9,3.16
Town12,17643,1,3.3,101.9,right,0.0,40.0,22.5,0.0,2.75,0,0,True,-1572.0,3772.6,58.0,12.8
Town12,308,1,374.5,308.1,left,0.168,158.0,-29.4,82.0,2.75,0,0,False,-1434.9,3634.4,100.9,4.23
Town12,1135,-1,56.8,39.4,right,0.162,44.0,64.0,380.0,2.75,0,0,False,-111.5,3981.3,36.1,33.12
Town12,17551,1,7.1,83.6,right,0.167,130.0,89.1,36.0,2.75,0,0,True,-1129.4,3673.8,52.6,15.6
Town12,809,-1,141.8,130.9,left,0.141,100.0,-43.8,0.0,2.75,0,0,False,-994.7,3722.5,65.8,9.96
Town12,634,-1,103.3,509.6,left,0.172,158.0,-17.8,500.0,2.75,0,0,False,675.6,5289.4,129.8,2.56
Town12,84,1,200.9,61.5,left,0.164,54.0,-50.3,142.0,3.0,0,0,False,1023.1,4795.5,45.1,21.2
Town12,943,2,14.4,172.3,right,0.154,74.0,24.6,500.0,3.25,1,0,False,2408.6,5241.2,75.5,7.57
Town12,809,1,144.4,131.1,left,0.147,100.0,-43.7,0.0,2.75,0,0,False,-991.0,3722.7,65.8,9.95
Town12,19931,1,6.3,229.3,left,0.166,176.0,-44.0,438.0,3.5,0,0,True,2539.9,1498.2,87.0,5.69
Town12,167,-3,122.6,380.7,left,0.172,212.0,-31.9,134.0,3.5,1,0,False,661.4,6025.9,112.2,3.42
Town12,343,-1,117.7,109.1,left,0.151,134.0,-70.4,120.0,2.75,0,0,False,-621.1,4834.8,60.0,11.95
Town12,1033,-1,241.1,44.5,right,0.157,52.0,67.0,500.0,3.0,0,0,False,2287.2,3925.1,38.3,29.33
Town12,942,-1,33.3,169.7,left,0.088,74.0,-25.0,0.0,3.25,0,1,False,2425.9,5151.7,74.9,7.68
Town12,10982,-3,0.8,275.4,right,0.159,228.0,47.4,500.0,3.5,1,0,True,3826.1,5331.9,95.4,4.73
Town12,701,-3,25.0,342.2,right,0.0,302.0,50.6,0.0,3.5,1,0,False,3529.2,5913.7,106.3,3.81
Town12,701,-2,24.9,342.2,right,0.0,294.0,49.2,0.0,3.5,0,1,False,3532.7,5914.2,106.3,3.81
Town12,602,2,95.2,460.4,right,0.059,94.0,11.7,326.0,3.25,1,0,False,684.1,5024.0,123.4,2.83
Town12,602,1,93.5,454.9,right,0.0,74.0,9.3,0.0,3.25,0,1,False,684.7,5020.4,122.6,2.87
Town12,634,1,279.5,509.6,right,0.172,158.0,17.8,140.0,2.75,0,0,False,503.7,5324.2,129.8,2.56
Town12,16495,-4,0.0,101.1,left,0.0,90.0,-51.0,0.0,3.5,2,0,True,-870.0,3195.5,57.8,12.9
Town12,16495,-3,0.0,101.1,left,0.0,1180.0,-668.9,0.0,3.5,1,1,True,-868.7,3192.3,57.8,12.9
Town12,16495,-2,0.0,101.1,left,0.0,1180.0,-668.9,0.0,3.5,0,2,True,-867.4,3189.0,57.8,12.9
Town12,612,-2,18.2,275.2,right,0.165,68.0,14.2,0.0,3.5,0,0,False,1181.7,6048.3,95.4,4.74
Town12,934,2,335.4,400.4,right,0.131,302.0,43.2,0.0,3.25,1,0,False,2513.4,4024.8,115.0,3.26
Town12,924,-4,57.4,411.3,right,0.105,390.0,54.3,0.0,3.5,2,0,False,3753.6,3113.5,116.6,3.17
Town12,924,-3,57.4,429.2,right,0.101,722.0,96.4,0.0,3.5,1,1,False,3753.6,3110.0,119.1,3.04
Town12,924,-2,57.4,429.2,right,0.101,722.0,96.4,0.0,3.5,0,2,False,3753.6,3106.5,119.1,3.04
Town12,642,-1,127.4,248.9,left,0.157,118.0,-27.2,0.0,2.75,0,0,False,181.7,5714.3,90.7,5.24
Town12,10167,1,2.1,419.5,left,0.0,442.0,-60.4,0.0,2.75,0,0,True,-399.7,5956.6,117.7,3.11
Town12,782,-1,44.9,56.9,left,0.168,72.0,-72.4,500.0,2.75,0,0,False,3654.8,2642.8,43.4,22.9
Town12,746,-1,0.6,272.2,left,0.031,78.0,-16.4,500.0,3.25,0,1,False,922.6,4279.2,94.9,4.79
Town12,381,-1,148.9,42.1,right,0.166,50.0,68.0,500.0,3.0,0,0,False,1518.3,3676.3,37.3,30.96
Town12,167,-3,122.7,380.0,left,0.165,240.0,-36.2,134.0,3.5,1,0,False,661.3,6025.8,112.1,3.43
Town12,373,-2,46.8,177.7,left,0.164,104.0,-33.5,20.0,3.5,0,0,False,572.5,6054.7,76.6,7.34
Town12,1138,-1,40.0,95.3,left,0.155,132.0,-79.3,40.0,2.75,0,0,False,2483.2,1598.8,56.1,13.68
Town12,94,-1,198.8,784.5,right,0.161,76.0,5.6,0.0,3.5,0,0,False,2163.0,-92.1,130.0,1.66
Town12,18870,-1,11.2,419.5,right,0.0,106.0,14.5,0.0,2.75,0,0,True,-500.4,6031.2,117.7,3.11
Town12,1018,1,518.6,137.4,right,0.11,92.0,38.4,500.0,3.25,0,1,False,-1148.8,4845.0,67.4,9.49
Town12,18061,-1,4.8,110.6,right,0.227,66.0,34.2,500.0,3.25,0,0,True,-621.0,4330.6,60.5,11.79
Town12,162,-3,107.8,500.0,right,0.0,78.0,8.9,500.0,3.5,1,0,False,2117.3,6073.9,128.5,2.61
Town12,360,-1,533.9,502.7,left,0.157,504.0,-57.4,118.0,3.5,0,0,False,-3575.5,120.7,128.9,2.59
Town12,18,-1,49.8,53.1,right,0.157,66.0,71.2,58.0,3.0,0,0,False,2059.4,4402.8,41.9,24.57
Town12,304,-1,138.0,520.3,right,0.167,76.0,8.4,500.0,3.25,0,1,False,2352.1,4993.4,130.0,2.51
Town12,264,1,61.2,550.7,left,0.183,68.0,-7.1,500.0,3.25,0,1,False,853.4,3919.5,130.0,2.37
Town12,862,-1,164.0,396.6,right,0.172,250.0,36.1,10.0,3.0,0,0,False,-3727.5,998.1,114.5,3.29
Town12,642,1,130.2,241.9,left,0.158,118.0,-28.0,0.0,2.75,0,0,False,182.6,5718.1,89.4,5.39
Town12,1040,1,196.7,241.2,left,0.083,132.0,-31.4,4.0,2.75,0,0,False,384.4,5781.2,89.3,5.41
Town12,346,-1,0.6,328.0,right,0.0,144.0,25.2,0.0,2.75,0,0,False,-287.8,5089.0,104.1,3.98
Town12,3316,1,0.2,328.3,right,0.008,146.0,25.5,0.0,2.75,0,0,True,-288.4,5089.5,104.2,3.97
Town12,746,-1,0.9,271.2,left,0.013,66.0,-13.9,500.0,3.25,0,1,False,922.2,4279.1,94.7,4.81
Town12,642,1,265.0,249.1,right,0.161,118.0,27.1,252.0,2.75,0,0,False,147.9,5845.8,90.7,5.24
Town12,308,-1,201.7,302.4,right,0.0,152.0,28.8,32.0,2.75,0,0,False,-1430.0,3464.0,100.0,4.31
Town12,15095,-3,0.0,375.4,left,0.0,142.0,-21.7,0.0,3.5,1,0,True,565.3,6031.6,111.4,3.47
Town12,15095,-2,0.0,375.4,left,0.0,142.0,-21.7,0.0,3.5,0,1,True,565.9,6035.0,111.4,3.47
Town12,345,-1,588.8,331.5,right,0.165,274.0,47.4,86.0,2.75,0,0,False,-316.9,5120.2,104.7,3.93
Town12,15062,1,19.2,108.8,right,0.154,154.0,81.1,198.0,2.75,0,0,True,-729.4,4945.4,60.0,11.98
Town12,15009,1,2.7,106.9,right,0.0,136.0,72.9,0.0,2.75,0,0,True,-728.5,4929.1,59.4,12.2
Town12,80,1,154.5,82.8,left,0.16,114.0,-78.9,432.0,2.75,0,0,False,-259.4,4951.5,52.3,15.75
Town12,345,-1,591.4,328.3,right,0.009,210.0,36.7,88.0,2.75,0,0,False,-315.2,5118.1,104.2,3.97
Town12,14988,-1,16.0,106.9,right,0.0,136.0,72.9,0.0,2.75,0,0,True,-728.7,4930.4,59.4,12.2
Town12,574,1,1403.9,350.0,right,0.108,250.0,40.9,0.0,3.0,0,0,False,-3643.1,1713.0,107.5,3.73
Town12,699,-3,137.2,273.0,left,0.076,226.0,-47.4,0.0,3.5,1,0,False,3695.6,5523.9,95.0,4.78
Town12,699,-2,136.7,274.3,left,0.142,228.0,-47.6,0.0,3.5,0,1,False,3697.8,5526.6,95.2,4.75
Town12,222,-1,524.3,154.4,left,0.147,136.0,-50.5,0.0,3.0,0,0,False,-3154.8,869.2,71.4,8.45
Town12,782,-1,47.6,54.8,left,0.015,68.0,-71.1,500.0,2.75,0,0,False,3657.4,2642.8,42.6,23.78
Town12,8364,-1,6.9,467.2,left,0.141,96.0,-11.8,0.0,3.25,0,1,True,794.6,4997.2,124.3,2.79
Town12,8364,-2,7.1,466.6,left,0.134,96.0,-11.8,0.0,3.25,1,0,True,794.2,4993.9,124.2,2.79
Town12,747,1,71.6,501.9,left,0.01,52.0,-5.9,500.0,3.25,0,1,False,732.5,4293.3,128.8,2.6
Town12,14458,2,75.3,197.3,right,0.0,50.0,14.5,0.0,3.5,0,0,True,701.6,3067.0,80.7,6.61
Town12,263,-2,293.8,550.9,right,0.182,68.0,7.1,500.0,3.25,1,0,False,766.1,3919.6,130.0,2.37
Town12,14338,-4,0.0,101.1,left,0.0,82.0,-46.5,0.0,3.5,2,0,True,-793.3,2989.7,57.8,12.9
Town12,14338,-3,0.0,101.1,left,0.0,1180.0,-668.9,0.0,3.5,1,1,True,-794.5,2993.0,57.8,12.9
Town12,14338,-2,0.0,101.1,left,0.0,1180.0,-668.9,0.0,3.5,0,2,True,-795.7,2996.3,57.8,12.9
Town12,304,-2,138.0,520.3,right,0.167,76.0,8.4,500.0,3.25,1,0,False,2352.1,4996.6,130.0,2.51
Town12,104,2,77.9,336.2,right,0.013,60.0,10.2,0.0,3.5,0,0,False,-1007.7,3134.0,105.4,3.88
Town12,738,3,1313.4,1184.9,left,0.0,960.0,-46.4,0.0,3.5,0,3,False,-1286.3,3087.1,130.0,1.1
Town12,738,4,1313.4,1184.9,left,0.0,960.0,-46.4,0.0,3.5,1,2,False,-1286.4,3083.6,130.0,1.1
Town12,738,5,1313.4,1184.9,left,0.0,960.0,-46.4,0.0,3.5,2,1,False,-1286.5,3080.1,130.0,1.1
Town12,14175,-1,10.0,174.9,left,0.071,100.0,-32.8,0.0,2.75,0,0,True,-1446.8,3680.8,76.0,7.45
Town12,14145,-1,10.0,509.1,right,0.074,78.0,8.8,0.0,3.25,0,1,True,826.4,4280.6,129.7,2.56
Town12,20218,2,16.0,83.8,right,0.0,70.0,47.8,0.0,3.28,0,0,True,982.6,3198.6,52.6,15.56
Town12,14145,-2,10.0,509.1,right,0.074,78.0,8.8,0.0,3.25,1,0,True,825.7,4277.4,129.7,2.56
Town12,14144,1,11.2,274.5,right,0.068,80.0,16.7,0.0,3.25,0,1,True,825.8,4284.0,95.3,4.75
Town12,602,1,94.5,457.2,right,0.024,94.0,11.8,326.0,3.25,0,1,False,683.7,5020.7,122.9,2.85
Town12,5472,1,0.1,328.0,left,0.0,212.0,-37.0,0.0,2.75,0,0,True,-121.6,5002.7,104.1,3.98
Town12,935,2,113.4,403.3,left,0.164,300.0,-42.6,500.0,3.25,1,0,False,2584.2,4330.3,115.4,3.23
Town12,820,-4,684.3,500.0,right,0.0,276.0,31.6,500.0,3.5,2,0,False,25.1,6410.8,128.5,2.61
Town12,820,-3,684.3,500.0,right,0.0,276.0,31.6,500.0,3.5,1,1,False,27.1,6413.7,128.5,2.61
Town12,820,-2,684.3,500.0,right,0.0,276.0,31.6,500.0,3.5,0,2,False,29.0,6416.7,128.5,2.61
Town12,13,-1,12.4,503.8,left,0.034,86.0,-9.8,100.0,2.75,0,0,False,253.8,5937.5,129.0,2.59
Town12,12,1,148.6,169.2,left,0.063,102.0,-34.5,0.0,2.75,0,0,False,295.4,5733.9,74.8,7.71
Town12,10982,-2,3.5,272.1,right,0.0,224.0,47.2,500.0,3.5,0,1,True,3829.1,5335.2,94.8,4.79
Town12,304,2,228.8,500.0,left,0.0,70.0,-8.0,18.0,3.25,1,0,False,2443.3,4994.4,128.5,2.61
Town12,1040,-1,48.0,238.6,right,0.009,128.0,30.7,48.0,2.75,0,0,False,427.4,5641.3,88.8,5.46
Town12,1146,1,537.7,146.6,right,0.154,136.0,53.1,104.0,3.0,0,0,False,-3474.0,2395.5,69.6,8.89
Town12,18190,2,30.2,96.5,right,0.151,88.0,52.2,500.0,3.5,0,0,True,779.0,2970.1,56.5,13.51
Town12,281,1,776.7,500.5,right,0.02,392.0,44.9,104.0,3.0,0,0,False,-3006.6,3047.3,128.6,2.61
Town12,1018,2,478.7,133.3,right,0.056,52.0,22.4,0.0,3.25,1,0,False,-1181.7,4866.0,66.4,9.78
Town12,2368,-2,3.0,251.8,right,0.001,82.0,18.7,0.0,3.5,0,0,True,826.3,3103.1,91.2,5.18
Town12,1018,1,483.0,133.9,right,0.073,56.0,24.0,0.0,3.25,0,1,False,-1176.5,4866.8,66.5,9.74
Town12,1018,-2,407.4,138.8,left,0.155,94.0,-38.8,500.0,3.25,1,0,False,-1247.7,4892.2,67.7,9.4
Town12,3750,-1,0.0,251.8,right,0.0,306.0,69.6,0.0,3.5,0,0,True,-3342.2,1594.3,91.2,5.18
Town12,8764,2,40.2,55.8,right,0.152,42.0,43.1,500.0,3.25,0,0,True,-819.4,4791.2,42.9,23.36
Town12,942,-2,32.5,172.7,left,0.169,76.0,-25.2,0.0,3.25,1,0,False,2423.5,5149.4,75.6,7.55
Town12,350,-1,128.4,76.9,left,0.159,104.0,-77.4,500.0,2.75,0,0,False,388.2,4998.9,50.4,16.95
Town12,701,-3,25.1,342.2,right,0.0,66.0,11.1,0.0,3.5,1,0,False,3529.2,5913.9,106.3,3.81
Town12,223,-1,182.3,143.8,right,0.064,168.0,66.9,0.0,3.0,0,0,False,-2994.1,471.6,68.9,9.07
Town12,636,1,118.9,210.1,right,0.0,62.0,16.9,0.0,2.75,0,0,False,216.8,5537.0,83.3,6.21
Town12,808,-1,385.3,83.5,left,0.155,128.0,-87.8,54.0,2.75,0,0,False,-1214.4,3577.3,52.5,15.62
Town12,582,-1,218.0,246.9,right,0.004,170.0,39.5,48.0,2.75,0,0,False,-1533.8,3479.7,90.3,5.28
Town12,304,1,231.7,519.5,left,0.155,74.0,-8.2,16.0,3.25,0,1,False,2445.6,4998.1,130.0,2.51
Town12,437,-1,143.0,503.8,right,0.024,62.0,7.1,500.0,3.0,0,0,False,2358.3,4876.9,129.0,2.59
Town12,701,-3,25.2,342.2,right,0.0,198.0,33.2,0.0,3.5,1,0,False,3529.2,5914.0,106.3,3.81
Town12,499,-2,43.0,172.1,left,0.167,82.0,-27.3,0.0,3.5,0,0,False,3985.6,4533.3,75.4,7.58
Town12,984,1,133.2,347.3,right,0.0,74.0,12.2,0.0,3.25,0,1,False,927.7,4696.8,107.1,3.75
Town12,738,-3,50.6,1184.9,right,0.0,714.0,34.5,124.0,3.5,2,0,False,-2297.9,3733.4,130.0,1.1
Town12,941,-2,50.1,253.7,right,0.154,74.0,16.7,500.0,3.25,1,0,False,2453.2,5065.3,91.6,5.14
Town12,941,-1,50.1,253.7,right,0.154,74.0,16.7,500.0,3.25,0,1,False,2456.4,5065.8,91.6,5.14
Town12,8074,1,2.5,420.6,left,0.014,100.0,-13.6,0.0,2.75,0,0,True,-273.8,5916.5,117.9,3.1
Town12,168,-3,0.8,375.4,left,0.0,126.0,-19.2,0.0,3.5,1,0,False,549.6,6034.9,111.4,3.47
Town12,19569,-1,0.0,419.5,left,0.0,236.0,-32.2,0.0,2.75,0,0,True,-554.1,6089.4,117.7,3.11
Town12,437,1,224.8,522.0,left,0.155,66.0,-7.2,500.0,3.0,0,0,False,2440.0,4880.3,130.0,2.5
Town12,307,-1,57.9,50.7,right,0.158,64.0,72.3,420.0,3.0,0,0,False,2276.4,4318.0,41.0,25.69
Town12,1152,1,960.4,2007.0,left,0.173,850.0,-24.3,500.0,3.5,0,0,False,-3348.2,2890.9,130.0,0.65
Town12,740,1,2802.6,198.2,left,0.021,154.0,-44.5,68.0,3.0,0,0,False,-3744.6,3435.4,80.9,6.58
Town12,929,-1,234.0,39.9,right,0.005,44.0,63.2,234.0,2.75,0,0,False,-1420.2,5098.6,36.3,32.69
Town12,6642,1,16.4,257.4,right,0.0,72.0,16.0,0.0,2.75,0,0,True,484.6,5845.2,92.2,5.07
Town12,536,-1,62.1,246.3,right,0.006,134.0,31.2,0.0,2.75,0,0,False,428.7,5872.0,90.2,5.29
Town12,906,2,33.9,247.5,right,0.058,88.0,20.4,0.0,3.4,0,0,False,-2449.2,4833.9,90.4,5.27
Town12,6599,-1,12.0,257.4,right,0.0,58.0,12.9,0.0,2.75,0,0,True,497.7,5840.6,92.2,5.07
Town12,681,2,23.7,522.2,right,0.168,70.0,7.7,500.0,3.25,1,0,False,790.6,4543.6,130.0,2.5
Town12,307,1,137.0,48.5,left,0.0,58.0,-68.5,0.0,3.0,0,0,False,2331.6,4273.6,40.0,26.88
Town12,346,-1,1.2,328.0,right,0.0,228.0,39.8,0.0,2.75,0,0,False,-287.4,5088.6,104.1,3.98
Town12,950,1,1.6,279.7,left,0.157,82.0,-16.8,500.0,3.25,0,1,False,924.7,4279.5,96.1,4.66
Town12,281,-1,363.7,504.2,left,0.155,322.0,-36.6,322.0,3.0,0,0,False,-3266.8,2741.6,129.1,2.59
Town12,470,1,2578.3,173.4,left,0.0,118.0,-39.0,0.0,3.0,0,0,False,-3368.1,1924.1,75.7,7.52
Town12,935,1,110.8,399.8,left,0.012,260.0,-37.3,500.0,3.25,0,1,False,2581.4,4327.2,115.0,3.26
Town12,3316,1,0.3,328.4,right,0.013,230.0,40.1,0.0,2.75,0,0,True,-288.4,5089.6,104.2,3.97
Town12,241,-1,211.4,87.3,left,0.15,84.0,-55.1,470.0,3.25,0,1,False,-105.4,5529.9,53.7,14.94
Town12,10982,-2,3.2,272.7,right,0.016,138.0,29.0,500.0,3.5,0,1,True,3829.2,5334.9,94.9,4.78
Town12,241,-2,211.1,87.5,left,0.169,86.0,-56.3,212.0,3.25,1,0,False,-108.5,5531.0,53.8,14.9
Town12,10982,-3,3.4,272.4,right,0.008,158.0,33.2,500.0,3.5,1,0,True,3825.7,5334.5,94.9,4.79
Town12,3129,-5,0.7,171.1,right,0.168,82.0,27.5,318.0,3.5,0,0,True,4026.0,4446.3,75.2,7.62
Town12,377,1,129.8,316.1,left,0.143,102.0,-18.5,0.0,2.75,0,0,False,67.2,5721.6,102.2,4.13
Town12,530,-1,753.5,45.6,right,0.009,54.0,67.9,500.0,2.75,0,0,False,3140.6,-1456.3,38.8,28.63
Town12,10185,-1,11.2,419.5,right,0.0,100.0,13.7,0.0,2.75,0,0,True,-388.6,5954.2,117.7,3.11
Town12,263,-1,293.9,549.9,right,0.183,68.0,7.1,500.0,3.25,0,1,False,766.2,3916.3,130.0,2.37
Town12,934,2,504.9,399.5,left,0.0,150.0,-21.5,0.0,3.25,1,0,False,2581.9,4180.7,114.9,3.26
Town12,94,-1,107.5,760.1,left,0.161,74.0,-5.6,500.0,3.5,0,0,False,2254.3,-97.1,130.0,1.72
Town12,992,1,121.5,41.5,left,0.155,48.0,-66.3,500.0,2.75,0,0,False,132.2,3979.3,37.0,31.46
Town12,984,2,133.8,348.2,right,0.016,122.0,20.1,292.0,3.25,1,0,False,926.9,4693.6,107.3,3.74
Town12,465,1,594.3,98.6,right,0.161,42.0,24.4,352.0,2.75,0,0,False,3581.2,1807.2,57.1,13.23
Town12,345,-1,74.9,93.3,left,0.158,128.0,-78.6,78.0,2.75,0,0,False,-733.0,5136.3,55.5,13.98
Town12,1165,-1,31.0,384.7,right,0.031,112.0,16.7,0.0,2.75,0,0,False,505.8,5877.5,112.8,3.39
Town12,747,2,71.9,505.5,left,0.028,50.0,-5.7,500.0,3.25,1,0,False,732.2,4296.5,129.3,2.58
Town12,1005,-2,329.4,468.8,right,0.165,98.0,12.0,322.0,3.25,1,0,False,682.4,5024.5,124.5,2.78
Town12,1005,-1,329.4,468.8,right,0.165,98.0,12.0,322.0,3.25,0,1,False,681.4,5021.4,124.5,2.78
Town12,264,2,61.0,549.1,left,0.183,68.0,-7.1,500.0,3.25,1,0,False,853.7,3916.2,130.0,2.37
Town12,9896,-4,2.4,473.3,left,0.0,254.0,-30.7,500.0,3.5,2,0,True,689.3,6067.5,125.1,2.75
Town12,9896,-3,2.4,473.3,left,0.0,254.0,-30.7,500.0,3.5,1,1,True,689.3,6071.0,125.1,2.75
Town12,9896,-2,2.4,473.3,left,0.0,254.0,-30.7,500.0,3.5,0,2,True,689.4,6074.5,125.1,2.75
Town12,426,-4,0.0,101.1,left,0.0,160.0,-90.7,0.0,3.5,2,0,False,-735.3,3149.1,57.8,12.9
Town12,426,-3,0.0,101.1,left,0.0,1180.0,-668.9,0.0,3.5,1,1,False,-738.3,3147.4,57.8,12.9
Town12,426,-2,0.0,101.1,left,0.0,1180.0,-668.9,0.0,3.5,0,2,False,-741.3,3145.6,57.8,12.9
Town12,16493,-1,19.1,59.4,left,0.155,40.0,-38.6,384.0,2.75,0,0,True,2781.0,1716.4,44.3,21.94
Town12,10220,-1,6.0,203.8,right,0.088,88.0,24.7,0.0,2.75,0,0,True,-396.0,5954.2,82.1,6.4
Town12,1166,1,2676.7,1254.0,left,0.0,210.0,-9.6,44.0,3.5,0,0,False,2505.6,-1678.8,130.0,1.04
Town12,12931,-1,0.0,500.0,left,0.0,92.0,-10.5,0.0,3.5,0,0,True,-3762.8,1964.4,128.5,2.61
Town12,2365,2,68.2,193.9,right,0.029,46.0,13.6,500.0,3.5,0,0,True,924.8,3078.5,80.1,6.72
Town12,934,-1,18.2,397.3,left,0.0,182.0,-26.2,490.0,3.25,0,1,False,2436.7,3726.8,114.6,3.28
Town12,639,-2,27.4,87.6,right,0.124,86.0,56.2,2.0,3.41,0,0,False,926.0,3124.1,53.8,14.88
Town12,738,3,1314.5,1185.9,left,0.011,242.0,-11.7,500.0,3.5,0,3,False,-1285.2,3087.1,130.0,1.1
Town12,738,4,1314.5,1185.9,left,0.011,242.0,-11.7,500.0,3.5,1,2,False,-1285.3,3083.6,130.0,1.1
Town12,738,5,1314.5,1185.9,left,0.011,242.0,-11.7,500.0,3.5,2,1,False,-1285.3,3080.1,130.0,1.1
Town12,581,-2,73.3,175.7,right,0.143,82.0,26.7,0.0,3.5,0,0,False,-646.4,3054.3,76.2,7.42
Town12,1,-1,740.0,294.6,left,0.0,170.0,-33.1,500.0,3.5,0,0,False,3939.5,750.0,98.7,4.43
Town12,1,1,1527.0,908.7,left,0.0,210.0,-13.2,0.0,3.5,0,0,False,3735.3,-0.2,130.0,1.44
Town12,1166,1,2680.2,1270.7,left,0.163,216.0,-9.7,40.0,3.5,0,0,False,2502.1,-1678.8,130.0,1.03
Town12,370,1,2667.0,1412.3,right,0.0,626.0,25.4,500.0,3.5,0,0,False,-287.0,-1564.3,130.0,0.92
Town12,732,-1,511.4,2150.3,left,0.054,428.0,-11.4,0.0,3.5,0,0,False,-795.5,-809.7,130.0,0.61
Town12,370,1,2666.9,1412.3,right,0.0,586.0,23.8,500.0,3.5,0,0,False,-286.9,-1564.4,130.0,0.92
Town12,366,1,59.8,252.1,left,0.017,276.0,-62.7,206.0,3.5,0,0,False,-3499.9,1852.4,91.3,5.17
Town12,943,1,14.5,172.4,right,0.157,74.0,24.6,500.0,3.25,0,1,False,2405.4,5241.3,75.5,7.56
Town12,364,-1,0.0,251.8,right,0.0,278.0,63.2,0.0,3.5,0,0,False,-3341.4,1622.5,91.2,5.18
Town12,363,-1,0.0,398.7,left,0.0,224.0,-32.2,0.0,3.5,0,0,False,-3427.2,1214.0,114.8,3.27
Town12,363,1,241.9,399.4,right,0.02,222.0,31.8,68.0,3.5,0,0,False,-3389.9,1449.3,114.9,3.27
Town12,1002,-1,115.2,314.0,right,0.16,72.0,13.1,500.0,3.25,0,1,False,232.8,5143.0,101.9,4.15
Town12,12,-1,146.9,175.0,left,0.118,102.0,-33.4,0.0,2.75,0,0,False,294.3,5730.9,76.1,7.45
Town12,1002,-1,204.7,519.9,left,0.149,70.0,-7.7,0.0,3.25,0,1,False,318.9,5121.5,130.0,2.51
Town12,208,-1,175.0,43.3,left,0.0,44.0,-58.2,0.0,2.75,0,0,False,-311.7,5056.4,37.8,30.08
Town12,170,-2,222.2,156.6,right,0.013,78.0,28.5,418.0,3.5,0,1,False,116.6,6310.1,71.9,8.33
Town12,317,2,35.5,197.3,right,0.0,86.0,25.0,0.0,3.5,0,0,False,733.4,3052.1,80.7,6.61
Town12,304,-1,138.0,520.0,right,0.165,76.0,8.4,500.0,3.25,0,1,False,2352.2,4993.4,130.0,2.51
Town12,10982,-3,4.4,272.1,right,0.0,160.0,33.7,0.0,3.5,1,0,True,3825.5,5335.6,94.8,4.79
Town12,10982,-2,3.1,272.8,right,0.02,156.0,32.8,500.0,3.5,0,1,True,3829.2,5334.8,94.9,4.78
Town12,304,2,231.6,519.1,left,0.152,74.0,-8.2,16.0,3.25,1,0,False,2446.1,4994.9,130.0,2.51
Town12,10982,-3,3.5,272.1,right,0.0,40.0,8.4,500.0,3.5,1,0,True,3825.7,5334.7,94.8,4.79
Town12,104,2,157.0,446.4,left,0.078,60.0,-7.7,0.0,3.5,0,0,False,-1084.0,3112.7,121.5,2.92
Town12,701,-3,25.1,342.2,right,0.0,82.0,13.7,0.0,3.5,1,0,False,3529.2,5913.9,106.3,3.81
Town12,805,-1,485.4,40.8,right,0.025,46.0,64.7,500.0,2.75,0,0,False,-1676.4,3296.2,36.7,32.0
Town12,223,1,1193.7,128.1,right,0.031,158.0,70.6,14.0,3.0,0,0,False,-2441.6,1049.4,65.1,10.18
Town12,68,-1,36.0,270.7,right,0.16,82.0,17.4,6.0,2.75,0,0,False,-1248.0,3709.9,94.6,4.82
Town12,6259,1,0.8,77.2,right,0.0,58.0,43.1,0.0,2.75,0,0,True,-954.4,3763.3,50.5,16.89
Town12,281,-1,366.8,500.0,left,0.0,336.0,-38.5,0.0,3.0,0,0,False,-3265.9,2744.6,128.5,2.61
Town12,855,-2,144.0,128.0,right,0.153,218.0,97.5,458.0,3.5,0,1,False,-2483.1,4055.4,65.1,10.18
Town12,855,-3,144.0,128.0,right,0.153,218.0,97.5,458.0,3.5,1,0,False,-2486.3,4053.9,65.1,10.18
Town12,701,-2,23.8,344.3,right,0.024,78.0,13.0,212.0,3.5,0,1,False,3532.9,5913.2,106.7,3.79
Town12,935,1,110.8,399.8,left,0.013,298.0,-42.7,500.0,3.25,0,1,False,2581.4,4327.2,114.9,3.26
Town12,756,2,160.4,220.1,right,0.004,68.0,17.7,0.0,3.5,0,0,False,2435.8,3041.5,85.3,5.92
Town12,471,-2,32.0,94.7,right,0.092,82.0,49.6,0.0,3.5,0,0,False,829.8,3053.5,55.9,13.77
Town12,13669,-2,0.0,399.5,right,0.0,126.0,18.1,0.0,3.25,1,0,True,2572.5,4183.6,114.9,3.26
Town12,13669,-1,0.0,399.5,right,0.0,126.0,18.1,0.0,3.25,0,1,True,2575.7,4182.9,114.9,3.26
Town12,12,1,149.3,171.7,left,0.155,104.0,-34.7,0.0,2.75,0,0,False,294.9,5734.5,75.3,7.59
Town12,10156,-1,0.0,419.5,left,0.0,456.0,-62.3,0.0,2.75,0,0,True,-387.0,5950.4,117.7,3.11
Town12,732,1,958.5,2156.4,right,0.124,428.0,11.4,194.0,3.5,0,0,False,-837.2,-365.3,130.0,0.6
Town12,170,-3,219.5,162.0,right,0.169,82.0,29.0,418.0,3.5,1,0,False,116.8,6305.7,73.2,8.05
Town12,12,1,269.0,176.5,right,0.169,102.0,33.1,68.0,2.75,0,0,False,256.7,5844.4,76.4,7.39
Town12,184,-2,4.3,227.6,right,0.113,62.0,15.6,0.0,3.5,0,0,False,2438.8,3040.1,86.7,5.73
Town12,1119,-4,0.0,101.1,left,0.0,162.0,-91.8,0.0,3.5,2,0,False,-922.5,3034.3,57.8,12.9
Town12,1119,-3,0.0,101.1,left,0.0,1180.0,-668.9,0.0,3.5,1,1,False,-919.6,3036.2,57.8,12.9
Town12,1119,-2,0.0,101.1,left,0.0,1180.0,-668.9,0.0,3.5,0,2,False,-916.6,3038.1,57.8,12.9
Town12,574,-1,226.0,505.9,right,0.164,244.0,27.6,56.0,3.0,0,0,False,-3975.8,1860.8,129.3,2.58
Town12,19931,1,6.2,238.2,left,0.152,52.0,-12.5,438.0,3.5,0,0,True,2539.9,1498.1,88.7,5.47
Town12,19931,1,6.3,230.2,left,0.161,138.0,-34.3,438.0,3.5,0,0,True,2539.9,1498.1,87.2,5.66
Town12,13899,-2,57.0,1113.6,right,0.126,326.0,16.8,0.0,3.5,0,0,True,-2512.9,4314.5,130.0,1.17
Town12,1152,-2,50.0,2000.0,right,0.0,890.0,25.5,500.0,3.5,1,0,False,-3865.9,2151.5,130.0,0.65
Town12,1152,-1,66.1,2000.0,right,0.0,872.0,25.0,0.0,3.5,0,0,False,-3854.1,2162.4,130.0,0.65
Town12,1152,1,959.7,2005.1,left,0.125,872.0,-24.9,500.0,3.5,0,0,False,-3348.5,2890.2,130.0,0.65
Town12,1152,1,960.4,2010.2,left,0.175,592.0,-16.9,500.0,3.5,0,0,False,-3348.2,2890.9,130.0,0.65
Town12,1155,1,447.1,449.3,right,0.0,116.0,14.8,0.0,3.5,0,0,False,-2935.6,3867.1,121.9,2.9
Town12,1151,-2,600.2,144.0,left,0.0,234.0,-93.1,70.0,3.5,0,0,False,-2696.7,4444.1,69.0,9.06
Town12,1156,1,52.5,449.3,right,0.0,196.0,25.0,0.0,3.5,0,0,False,-2881.2,3923.3,121.9,2.9
Town12,1164,1,243.7,165.7,right,0.0,60.0,20.7,0.0,2.75,0,0,False,491.0,5832.6,74.0,7.87
Town12,809,1,144.1,130.3,left,0.113,100.0,-44.0,0.0,2.75,0,0,False,-991.2,3722.5,65.6,10.01
Town12,20213,-4,0.0,411.5,right,0.105,358.0,49.8,0.0,3.5,2,0,True,3785.3,3114.6,116.6,3.17
Town12,20213,-3,0.0,430.2,right,0.1,690.0,91.9,0.0,3.5,1,1,True,3785.5,3111.1,119.2,3.03
Town12,20213,-2,0.0,430.2,right,0.1,690.0,91.9,0.0,3.5,0,2,True,3785.8,3107.7,119.2,3.03
Town12,167,-3,125.9,375.4,left,0.0,92.0,-14.0,0.0,3.5,1,0,False,658.1,6025.7,111.4,3.47
Town12,9893,-2,15.4,519.9,right,0.154,72.0,7.9,464.0,3.5,0,0,True,676.3,6064.1,130.0,2.51
Town12,67,-1,188.0,423.4,right,0.153,114.0,15.4,12.0,2.75,0,0,False,-1328.7,3450.3,118.3,3.08
Town12,174,-2,18.0,104.8,right,0.044,86.0,47.0,0.0,3.41,0,0,False,-2453.1,4113.7,58.9,12.44
Town12,18,1,130.9,50.8,left,0.0,44.0,-49.6,0.0,3.0,0,0,False,2116.3,4357.1,41.0,25.66
Town12,370,1,2670.6,1420.5,right,0.162,484.0,19.5,500.0,3.5,0,0,False,-290.2,-1562.7,130.0,0.92
Town12,208,1,242.0,43.3,right,0.0,50.0,66.1,0.0,2.75,0,0,False,-270.6,5012.0,37.8,30.08
Town12,215,-3,0.0,100.2,left,0.0,1180.0,-674.6,0.0,3.5,1,1,False,2477.7,3187.2,57.6,13.01
Town12,215,-2,0.0,100.2,left,0.0,1180.0,-674.6,0.0,3.5,0,2,False,2479.9,3184.5,57.6,13.01
Town12,216,-3,0.0,100.2,left,0.0,1180.0,-674.6,0.0,3.5,1,1,False,2520.1,3207.5,57.6,13.01
Town12,216,-2,0.0,100.2,left,0.0,1180.0,-674.6,0.0,3.5,0,2,False,2520.8,3204.0,57.6,13.01
Town12,217,-3,0.0,100.2,left,0.0,1180.0,-674.6,0.0,3.5,1,1,False,2571.4,3206.2,57.6,13.01
Town12,217,-2,0.0,100.2,left,0.0,1180.0,-674.6,0.0,3.5,0,2,False,2570.5,3202.8,57.6,13.01
Town12,738,3,1313.4,1184.9,left,0.0,470.0,-22.7,0.0,3.5,0,3,False,-1286.3,3087.1,130.0,1.1
Town12,738,4,1313.4,1184.9,left,0.0,470.0,-22.7,0.0,3.5,1,2,False,-1286.4,3083.6,130.0,1.1
Town12,738,5,1313.4,1184.9,left,0.0,470.0,-22.7,0.0,3.5,2,1,False,-1286.5,3080.1,130.0,1.1
Town12,223,-1,183.7,142.5,right,0.1,190.0,76.4,0.0,3.0,0,0,False,-2992.8,471.4,68.6,9.15
Town12,222,1,679.3,154.7,right,0.164,136.0,50.4,174.0,3.0,0,0,False,-3083.6,739.1,71.5,8.43
Town12,223,-1,184.0,139.0,right,0.101,284.0,117.0,0.0,3.0,0,0,False,-2992.4,471.3,67.8,9.38
Town12,20065,2,84.2,273.6,right,0.152,68.0,14.2,4.0,3.43,0,0,True,-2427.7,4015.5,95.1,4.77
Town12,580,-2,28.0,106.0,right,0.112,92.0,49.7,0.0,3.41,0,0,False,-2455.9,4932.4,59.2,12.3
Town12,581,-2,74.0,171.3,right,0.069,62.0,20.7,0.0,3.5,0,0,False,-647.2,3054.3,75.3,7.61
Town12,584,1,58.9,79.0,right,0.155,40.0,29.0,374.0,2.75,0,0,False,-1508.9,3794.6,51.1,16.5
Town12,984,1,132.7,347.3,right,0.0,122.0,20.1,0.0,3.25,0,1,False,927.2,4697.0,107.1,3.75
Town12,621,2,293.7,115.8,left,0.0,134.0,-66.3,0.0,3.5,0,0,False,3855.9,3107.2,61.9,11.26
Town12,162,-2,107.7,500.0,right,0.0,78.0,8.9,118.0,3.5,0,1,False,2116.9,6077.3,128.5,2.61
Town12,1138,1,189.0,93.6,right,0.013,90.0,55.1,244.0,2.75,0,0,False,2388.9,1693.7,55.6,13.93
Town12,465,-1,532.7,98.3,left,0.155,42.0,-24.5,500.0,2.75,0,0,False,3601.8,1864.1,57.0,13.26
Town12,637,-4,0.0,100.2,left,0.0,166.0,-94.9,0.0,3.5,2,0,False,2635.6,3162.3,57.6,13.01
Town12,637,-3,0.0,100.2,left,0.0,1180.0,-674.6,0.0,3.5,1,1,False,2632.7,3160.5,57.6,13.01
Town12,637,-2,0.0,100.2,left,0.0,1180.0,-674.6,0.0,3.5,0,2,False,2629.7,3158.6,57.6,13.01
Town12,1157,-4,633.9,410.7,right,0.0,174.0,24.3,0.0,3.5,2,0,False,3775.2,5970.6,116.5,3.18
Town12,1157,-3,633.9,410.7,right,0.0,174.0,24.3,0.0,3.5,1,1,False,3778.7,5971.2,116.5,3.18
Town12,1157,-2,633.9,410.7,right,0.0,174.0,24.3,0.0,3.5,0,2,False,3782.1,5971.8,116.5,3.18
Town12,3129,-2,3.9,164.9,right,0.0,78.0,27.1,0.0,3.5,0,0,True,4025.5,4449.4,73.8,7.91
Town12,10863,1,15.2,419.5,right,0.0,222.0,30.3,0.0,2.75,0,0,True,-620.5,6250.2,117.7,3.11
Town12,10864,-1,0.0,419.5,left,0.0,76.0,-10.4,0.0,2.75,0,0,True,-619.9,6234.7,117.7,3.11
Town12,738,-2,49.7,1185.5,right,0.025,954.0,46.1,124.0,3.5,1,1,False,-2301.4,3732.7,130.0,1.1
Town12,738,-1,49.7,1185.5,right,0.025,954.0,46.1,124.0,3.5,0,2,False,-2304.5,3731.0,130.0,1.1
Town12,20218,2,16.6,83.8,right,0.0,78.0,53.3,0.0,3.28,0,0,True,982.6,3199.2,52.6,15.56
Town12,670,1,73.6,489.6,left,0.162,60.0,-7.0,500.0,3.25,0,1,False,976.0,3325.2,127.2,2.66
Town12,18448,-2,3.0,296.6,right,0.0,46.0,8.9,0.0,3.5,0,0,True,2479.8,3015.9,99.0,4.4
Town12,710,-3,0.0,100.2,left,0.0,1180.0,-674.6,0.0,3.5,1,1,False,2606.6,3020.3,57.6,13.01
Town12,710,-2,0.0,100.2,left,0.0,1180.0,-674.6,0.0,3.5,0,2,False,2604.5,3023.1,57.6,13.01
Town12,711,-3,0.0,100.2,left,0.0,1180.0,-674.6,0.0,3.5,1,1,False,2544.5,2999.1,57.6,13.01
Town12,711,-2,0.0,100.2,left,0.0,1180.0,-674.6,0.0,3.5,0,2,False,2544.4,3002.6,57.6,13.01
Town12,712,-3,0.0,100.2,left,0.0,1180.0,-674.6,0.0,3.5,1,1,False,2498.7,3009.0,57.6,13.01
Town12,712,-2,0.0,100.2,left,0.0,1180.0,-674.6,0.0,3.5,0,2,False,2500.2,3012.1,57.6,13.01
Town12,619,2,46.1,314.5,right,0.017,100.0,18.2,0.0,3.39,0,0,False,-2330.2,6193.1,102.0,4.15
Town12,740,-1,376.0,159.4,left,0.0,168.0,-60.4,0.0,3.0,0,0,False,-3217.3,4135.2,72.6,8.18
Town12,280,-1,77.2,261.5,right,0.005,216.0,47.3,196.0,3.0,0,0,False,-3339.0,2003.7,93.0,4.99
Town12,794,-5,45.4,478.2,right,0.0,58.0,6.9,52.0,3.5,3,0,False,-2444.7,6075.4,125.7,2.73
Town12,794,-4,262.8,637.0,right,0.0,200.0,18.0,0.0,3.5,2,0,False,-2531.8,5883.3,130.0,2.05
Town12,794,-3,262.8,637.0,right,0.0,200.0,18.0,0.0,3.5,1,1,False,-2535.2,5884.0,130.0,2.05
Town12,794,-2,262.8,637.0,right,0.0,200.0,18.0,0.0,3.5,0,2,False,-2538.7,5884.6,130.0,2.05
Town12,738,-3,50.4,1184.9,right,0.0,554.0,26.8,124.0,3.5,2,0,False,-2298.0,3733.6,130.0,1.1
Town12,738,-2,50.4,1184.9,right,0.0,554.0,26.8,124.0,3.5,1,1,False,-2301.1,3732.0,130.0,1.1
Town12,738,-1,50.4,1184.9,right,0.0,554.0,26.8,124.0,3.5,0,2,False,-2304.2,3730.4,130.0,1.1
Town12,738,-3,50.7,1184.9,right,0.0,748.0,36.2,124.0,3.5,2,0,False,-2297.8,3733.3,130.0,1.1
Town12,738,-2,50.7,1184.9,right,0.0,748.0,36.2,124.0,3.5,1,1,False,-2300.9,3731.7,130.0,1.1
Town12,738,-1,50.7,1184.9,right,0.0,748.0,36.2,124.0,3.5,0,2,False,-2304.0,3730.1,130.0,1.1
Town12,308,-1,201.7,302.4,right,0.0,110.0,20.8,32.0,2.75,0,0,False,-1430.0,3464.0,100.0,4.31
Town12,582,1,404.9,246.8,left,0.0,88.0,-20.4,0.0,2.75,0,0,False,-1558.4,3660.5,90.3,5.28
Town12,542,-1,1.7,419.5,left,0.0,100.0,-13.7,0.0,2.75,0,0,False,-403.1,5958.3,117.7,3.11
Town12,837,-4,344.9,1210.8,left,0.0,342.0,-16.2,0.0,3.5,2,0,False,-1316.5,6461.5,130.0,1.08
Town12,837,-3,344.9,1210.8,left,0.0,342.0,-16.2,0.0,3.5,1,1,False,-1316.9,6465.0,130.0,1.08
Town12,837,-2,344.9,1210.8,left,0.0,342.0,-16.2,0.0,3.5,0,2,False,-1317.2,6468.5,130.0,1.08
Town12,222,1,526.8,142.4,left,0.134,134.0,-53.9,0.0,3.0,0,0,False,-3154.3,865.4,68.6,9.16
Town12,1135,1,120.1,39.2,left,0.153,44.0,-64.3,166.0,2.75,0,0,False,-70.4,4019.3,36.0,33.24
Town12,837,-4,841.5,414.5,right,0.0,474.0,65.5,0.0,3.5,2,0,False,-1810.6,6509.9,117.0,3.15
Town12,837,-3,841.5,414.5,right,0.0,474.0,65.5,0.0,3.5,1,1,False,-1809.7,6513.2,117.0,3.15
Town12,837,-2,841.5,414.5,right,0.0,474.0,65.5,0.0,3.5,0,2,False,-1808.8,6516.6,117.0,3.15
Town12,837,-5,1147.9,414.5,right,0.0,168.0,23.2,0.0,3.5,3,0,False,-2100.2,6473.3,117.0,3.15
Town12,837,-4,1097.9,414.5,right,0.0,218.0,30.1,0.0,3.5,2,1,False,-2057.3,6496.5,117.0,3.15
Town12,837,-3,1097.9,414.5,right,0.0,218.0,30.1,0.0,3.5,1,2,False,-2058.5,6499.8,117.0,3.15
Town12,837,-2,1097.9,414.5,right,0.0,218.0,30.1,0.0,3.5,0,3,False,-2059.8,6503.1,117.0,3.15
Town12,738,-3,50.0,1185.0,right,0.007,1130.0,54.6,124.0,3.5,2,0,False,-2298.2,3734.0,130.0,1.1
Town12,738,-2,50.0,1185.0,right,0.007,1130.0,54.6,124.0,3.5,1,1,False,-2301.3,3732.4,130.0,1.1
Town12,738,-1,50.0,1185.0,right,0.007,1130.0,54.6,124.0,3.5,0,2,False,-2304.4,3730.7,130.0,1.1
Town12,738,3,1288.5,1184.9,left,0.0,1180.0,-57.1,0.0,3.5,0,2,False,-1311.3,3088.0,130.0,1.1
Town12,738,4,1288.5,1184.9,left,0.0,1180.0,-57.1,0.0,3.5,1,1,False,-1311.4,3084.5,130.0,1.1
Town12,738,5,1288.5,1184.9,left,0.0,1180.0,-57.1,0.0,3.5,2,0,False,-1311.6,3081.0,130.0,1.1
Town12,1124,-2,0.9,452.6,left,0.125,60.0,-7.6,0.0,3.5,0,0,False,-1084.5,3112.5,122.3,2.88
Town12,738,3,1314.0,1184.9,left,0.0,1026.0,-49.6,500.0,3.5,0,3,False,-1285.7,3087.1,130.0,1.1
Town12,738,4,1314.0,1184.9,left,0.0,1026.0,-49.6,500.0,3.5,1,2,False,-1285.8,3083.6,130.0,1.1
Town12,738,5,1314.0,1184.9,left,0.0,1026.0,-49.6,500.0,3.5,2,1,False,-1285.8,3080.1,130.0,1.1
Town12,1002,1,206.9,309.7,left,0.101,72.0,-13.3,0.0,3.25,0,1,False,320.8,5118.0,101.2,4.21
Town12,950,2,1.8,280.2,left,0.166,82.0,-16.8,500.0,3.25,1,0,False,925.4,4276.4,96.2,4.65
Town12,880,-2,154.0,203.2,right,0.079,194.0,54.7,0.0,3.5,0,1,False,3887.2,2996.0,81.9,6.42
Town12,880,-3,173.0,203.5,right,0.088,174.0,49.0,0.0,3.48,1,0,False,3874.2,3009.8,82.0,6.41
Town12,3246,1,0.4,348.5,left,0.021,116.0,-19.1,0.0,3.25,0,0,True,799.2,4733.2,107.3,3.74
Town12,900,-3,0.0,101.1,left,0.0,1180.0,-668.9,0.0,3.5,1,1,False,-866.1,2993.3,57.8,12.9
Town12,900,-2,0.0,101.1,left,0.0,1180.0,-668.9,0.0,3.5,0,2,False,-864.9,2996.6,57.8,12.9
Town12,926,-4,0.0,452.3,right,0.0,206.0,26.1,0.0,3.5,2,0,False,4138.8,3391.2,122.3,2.88
Town12,926,-3,0.0,452.3,right,0.0,206.0,26.1,0.0,3.5,1,1,False,4142.1,3390.0,122.3,2.88
Town12,926,-2,0.0,452.3,right,0.0,206.0,26.1,0.0,3.5,0,2,False,4145.4,3388.8,122.3,2.88
Town12,924,-4,57.0,409.2,right,0.001,282.0,39.5,500.0,3.5,2,0,False,3753.2,3113.5,116.3,3.19
Town12,924,-3,57.0,409.2,right,0.001,282.0,39.5,500.0,3.5,1,1,False,3753.2,3110.0,116.3,3.19
Town12,924,-2,57.0,409.2,right,0.001,282.0,39.5,500.0,3.5,0,2,False,3753.1,3106.5,116.3,3.19
Town12,8277,2,6.9,231.9,left,0.078,74.0,-18.3,0.0,3.5,0,0,True,2824.7,3083.7,87.5,5.62
Town12,924,-3,56.9,417.1,right,0.103,460.0,63.2,500.0,3.5,1,1,False,3753.1,3110.0,117.4,3.13
Town12,924,-2,56.9,417.1,right,0.103,460.0,63.2,500.0,3.5,0,2,False,3753.0,3106.5,117.4,3.13
Town12,935,-2,0.0,399.5,right,0.0,92.0,13.2,4.0,3.25,1,0,False,2577.8,4217.1,114.9,3.26
Town12,934,1,335.1,399.5,right,0.092,300.0,43.0,0.0,3.25,0,1,False,2510.6,4026.4,114.9,3.26
Town12,3296,-1,0.0,328.0,right,0.0,246.0,43.0,0.0,2.75,0,0,True,-300.4,5101.4,104.1,3.98
Town12,935,2,109.7,399.5,left,0.0,144.0,-20.7,0.0,3.25,1,0,False,2584.8,4326.7,114.9,3.26
Town12,746,-2,0.8,271.5,left,0.017,66.0,-13.9,500.0,3.25,1,0,False,922.8,4275.9,94.7,4.8
Town12,19857,-2,57.2,455.5,right,0.158,202.0,25.4,274.0,3.5,0,0,True,-2877.5,3926.5,122.7,2.86
Town12,950,1,1.7,285.6,left,0.162,54.0,-10.8,500.0,3.25,0,1,False,924.9,4279.6,97.2,4.57
Town12,950,2,1.7,285.6,left,0.162,54.0,-10.8,500.0,3.25,1,0,False,925.4,4276.4,97.2,4.57
Town12,959,1,231.8,133.6,left,0.148,40.0,-17.2,0.0,2.75,0,0,False,2621.0,-306.4,66.4,9.76
Town12,862,1,429.3,391.9,left,0.0,244.0,-35.7,0.0,3.0,0,0,False,-3781.4,743.4,113.8,3.33
Town12,223,-1,182.5,138.9,right,0.099,286.0,117.9,0.0,3.0,0,0,False,-2993.9,471.6,67.8,9.39
Town12,981,-3,0.0,101.1,left,0.0,1180.0,-668.9,0.0,3.5,1,1,False,-896.9,3175.8,57.8,12.9
Town12,981,-2,0.0,101.1,left,0.0,1180.0,-668.9,0.0,3.5,0,2,False,-894.7,3173.1,57.8,12.9
Town12,982,-3,0.0,101.1,left,0.0,1180.0,-668.9,0.0,3.5,1,1,False,-835.6,3199.5,57.8,12.9
Town12,982,-2,0.0,101.1,left,0.0,1180.0,-668.9,0.0,3.5,0,2,False,-835.4,3196.0,57.8,12.9
Town12,983,-3,0.0,101.1,left,0.0,1180.0,-668.9,0.0,3.5,1,1,False,-786.4,3190.3,57.8,12.9
Town12,983,-2,0.0,101.1,left,0.0,1180.0,-668.9,0.0,3.5,0,2,False,-787.8,3187.1,57.8,12.9
Town12,984,-2,0.0,347.3,left,0.0,116.0,-19.1,2.0,3.25,1,0,False,799.6,4733.2,107.1,3.75
Town12,898,-3,0.0,101.1,left,0.0,1180.0,-668.9,0.0,3.5,1,1,False,-760.5,3012.7,57.8,12.9
Town12,898,-2,0.0,101.1,left,0.0,1180.0,-668.9,0.0,3.5,0,2,False,-762.7,3015.4,57.8,12.9
Town12,6086,-4,0.0,100.2,left,0.0,56.0,-32.0,0.0,3.5,2,0,True,2636.7,3048.5,57.5,13.01
Town12,6086,-3,0.0,100.2,left,0.0,1180.0,-674.6,0.0,3.5,1,1,True,2633.7,3050.3,57.6,13.01
Town12,6086,-2,0.0,100.2,left,0.0,1180.0,-674.6,0.0,3.5,0,2,True,2630.7,3052.1,57.6,13.01
Town12,1002,2,206.3,307.0,left,0.066,72.0,-13.4,0.0,3.25,1,0,False,319.9,5114.8,100.7,4.25
Town12,738,-3,50.4,1184.9,right,0.0,800.0,38.7,124.0,3.5,2,0,False,-2298.0,3733.6,130.0,1.1
Town12,1012,-3,0.0,100.2,left,0.0,1180.0,-674.6,0.0,3.5,1,1,False,2453.6,3048.9,57.6,13.01
Town12,1012,-2,0.0,100.2,left,0.0,1180.0,-674.6,0.0,3.5,0,2,False,2456.6,3050.8,57.6,13.01
Town12,1165,-1,30.4,391.9,right,0.155,116.0,17.0,0.0,2.75,0,0,False,505.5,5876.9,113.8,3.33
Town12,934,-2,333.7,400.8,right,0.054,300.0,42.9,0.0,3.25,1,0,False,2504.5,4029.2,115.1,3.25
Town12,934,-2,18.0,397.3,left,0.0,296.0,-42.7,302.0,3.25,1,0,False,2433.5,3726.1,114.6,3.28
Town12,84,1,197.2,58.1,left,0.0,46.0,-45.3,0.0,3.0,0,0,False,1019.7,4797.0,43.8,22.43
Town12,738,3,1314.6,1185.8,left,0.016,420.0,-20.3,500.0,3.5,0,3,False,-1285.1,3087.1,130.0,1.1
Town12,738,4,1314.6,1185.8,left,0.016,420.0,-20.3,500.0,3.5,1,2,False,-1285.2,3083.6,130.0,1.1
Town12,738,5,1314.6,1185.8,left,0.016,420.0,-20.3,500.0,3.5,2,1,False,-1285.2,3080.1,130.0,1.1
Town12,1002,-2,118.0,301.7,right,0.001,48.0,9.1,500.0,3.25,1,0,False,236.7,5145.0,99.9,4.32
Town12,925,-4,0.0,412.0,right,0.105,286.0,39.8,0.0,3.5,2,0,False,3854.1,3125.9,116.7,3.16
Town12,925,-3,0.0,432.8,right,0.1,618.0,81.8,0.0,3.5,1,1,False,3855.0,3122.6,119.6,3.01
Town12,925,-2,0.0,432.8,right,0.1,618.0,81.8,0.0,3.5,0,2,False,3855.8,3119.2,119.6,3.01
Town12,16550,-4,0.0,100.2,left,0.0,72.0,-41.2,0.0,3.5,2,0,True,2575.2,3000.4,57.6,13.01
Town12,16550,-3,0.0,100.2,left,0.0,1180.0,-674.6,0.0,3.5,1,1,True,2574.2,3003.7,57.6,13.01
Town12,16550,-2,0.0,100.2,left,0.0,1180.0,-674.6,0.0,3.5,0,2,True,2573.1,3007.1,57.6,13.01
Town12,1137,-2,36.0,66.9,right,0.047,66.0,56.5,0.0,3.4,0,0,False,-2270.3,6273.6,47.0,19.49
Town12,1166,1,1869.0,410.0,right,0.0,328.0,45.8,0.0,3.5,0,0,False,3310.3,-1731.9,116.4,3.18
Town12,1166,1,1868.9,410.0,right,0.0,250.0,34.9,0.0,3.5,0,0,False,3310.4,-1731.9,116.4,3.18
Town12,19864,1,1.3,252.5,left,0.027,192.0,-43.6,0.0,3.5,0,0,True,-3427.2,1809.1,91.4,5.16
Town12,16763,-3,0.0,100.2,left,0.0,1180.0,-674.6,0.0,3.5,1,1,True,2452.3,3157.9,57.6,13.01
Town12,16763,-2,0.0,100.2,left,0.0,1180.0,-674.6,0.0,3.5,0,2,True,2455.3,3156.2,57.6,13.01
Town12,1157,-4,632.7,412.1,right,0.023,130.0,18.1,500.0,3.5,2,0,False,3775.4,5969.5,116.7,3.16
Town12,1157,-3,632.7,412.1,right,0.023,130.0,18.1,500.0,3.5,1,1,False,3778.8,5970.1,116.7,3.16
Town12,1157,-2,632.7,412.1,right,0.023,130.0,18.1,500.0,3.5,0,2,False,3782.3,5970.7,116.7,3.16
Town12,1295,-1,16.3,177.2,right,0.153,44.0,14.2,0.0,3.25,0,0,True,2407.3,5212.4,76.5,7.36
Town12,17534,-4,0.0,101.1,left,0.0,196.0,-111.1,0.0,3.5,2,0,True,-760.2,3178.2,57.8,12.9
Town12,17534,-3,0.0,101.1,left,0.0,1180.0,-668.9,0.0,3.5,1,1,True,-762.4,3175.5,57.8,12.9
Town12,17534,-2,0.0,101.1,left,0.0,1180.0,-668.9,0.0,3.5,0,2,True,-764.6,3172.8,57.8,12.9
Town12,709,2,76.1,417.2,left,0.102,62.0,-8.5,0.0,3.5,0,0,False,-648.0,3135.7,117.4,3.13
Town12,12354,-3,0.0,100.2,left,0.0,1180.0,-674.6,0.0,3.5,1,1,True,2534.6,3209.7,57.6,13.01
Town12,12354,-2,0.0,100.2,left,0.0,1180.0,-674.6,0.0,3.5,0,2,True,2534.9,3206.2,57.6,13.01
Town12,17912,-4,0.0,452.3,right,0.0,314.0,39.8,0.0,3.5,2,0,True,4092.1,3297.4,122.3,2.88
Town12,17912,-3,0.0,452.3,right,0.0,314.0,39.8,0.0,3.5,1,1,True,4095.0,3295.4,122.3,2.88
Town12,17912,-2,0.0,452.3,right,0.0,314.0,39.8,0.0,3.5,0,2,True,4097.9,3293.5,122.3,2.88
Town12,7759,-2,0.0,375.4,left,0.0,98.0,-15.0,0.0,3.5,0,1,True,523.1,6045.8,111.4,3.47
Town12,12932,1,0.2,499.1,left,0.006,66.0,-7.6,0.0,3.5,0,0,True,-3784.0,1979.6,128.4,2.61
Town12,18181,-2,2.1,267.2,right,0.153,92.0,19.7,0.0,3.5,0,0,True,-2493.0,4215.3,94.0,4.88
Town12,861,-1,460.2,362.8,left,0.002,222.0,-35.1,12.0,3.0,0,0,False,-3676.4,1237.7,109.5,3.59
Town12,363,-1,302.6,253.6,right,0.161,402.0,90.8,70.0,3.5,0,0,False,-3366.9,1505.5,91.5,5.14
Town12,8215,-1,0.0,398.7,left,0.0,252.0,-36.2,0.0,3.5,0,0,True,-3421.7,1186.3,114.8,3.27
Town12,575,1,209.7,381.3,left,0.0,248.0,-37.3,0.0,3.0,0,0,False,-3385.1,1671.3,112.2,3.42
Town12,1123,2,91.0,240.7,right,0.0,80.0,19.0,0.0,3.5,0,0,False,2733.6,3060.9,89.2,5.42
Town12,924,-4,57.8,409.2,right,0.0,242.0,33.9,0.0,3.5,2,0,False,3753.9,3113.5,116.3,3.19
Town12,924,-3,57.8,409.2,right,0.0,242.0,33.9,0.0,3.5,1,1,False,3753.9,3110.0,116.3,3.19
Town12,8335,-4,0.0,100.2,left,0.0,104.0,-59.5,0.0,3.5,2,0,True,2486.5,3197.6,57.6,13.01
Town12,18709,-4,0.0,101.1,left,0.0,58.0,-32.9,0.0,3.5,2,0,True,-732.6,3042.3,57.8,12.9
Town12,18709,-3,0.0,101.1,left,0.0,1180.0,-668.9,0.0,3.5,1,1,True,-735.7,3043.9,57.8,12.9
Town12,18709,-2,0.0,101.1,left,0.0,1180.0,-668.9,0.0,3.5,0,2,True,-738.8,3045.6,57.8,12.9
Town12,13622,1,0.0,399.5,left,0.001,152.0,-21.8,10.0,3.25,0,0,True,2582.1,4181.7,114.9,3.26
Town12,587,-1,100.3,81.2,left,0.163,60.0,-42.4,444.0,2.75,0,0,False,-1021.1,3800.2,51.8,16.07
Town12,13645,1,0.0,401.9,right,0.029,92.0,13.1,0.0,3.25,0,0,True,2581.0,4216.7,115.3,3.24
Town12,19544,-5,0.0,185.8,right,0.066,76.0,23.4,0.0,3.5,0,0,True,-2235.2,6358.1,78.4,7.02
Town12,19544,-2,2.1,182.8,right,0.001,74.0,23.2,0.0,3.5,0,0,True,-2236.4,6356.5,77.7,7.13
Town12,13899,-2,55.8,1122.4,right,0.125,268.0,13.7,0.0,3.5,0,0,True,-2513.0,4315.8,130.0,1.16
Town12,984,2,132.5,347.3,right,0.0,120.0,19.8,0.0,3.25,1,0,False,925.7,4694.1,107.1,3.75
Town12,1033,-1,241.2,44.3,right,0.148,52.0,67.2,500.0,3.0,0,0,False,2287.3,3925.1,38.3,29.42
Town12,20084,-2,0.0,100.2,left,0.0,1180.0,-674.6,0.0,3.5,0,2,True,2533.5,3003.1,57.6,13.01
Town12,10157,1,16.2,419.5,right,0.0,114.0,15.6,0.0,2.75,0,0,True,-400.4,5960.0,117.7,3.11
Town12,1157,-4,634.0,410.7,right,0.0,546.0,76.2,0.0,3.5,2,0,False,3775.2,5970.8,116.5,3.18
Town12,1157,-3,634.0,410.7,right,0.0,546.0,76.2,0.0,3.5,1,1,False,3778.6,5971.4,116.5,3.18
Town12,1157,-2,634.0,410.7,right,0.0,546.0,76.2,0.0,3.5,0,2,False,3782.1,5972.0,116.5,3.18
Town12,15102,-1,13.1,373.7,left,0.028,126.0,-19.3,0.0,3.5,0,0,True,550.6,6034.7,111.1,3.49
Town12,2368,-3,0.0,258.1,right,0.116,86.0,19.1,500.0,3.5,0,0,True,823.3,3103.1,92.4,5.05
Town12,13327,1,26.2,449.3,right,0.0,142.0,18.1,0.0,3.5,0,0,True,-2918.6,3886.8,121.9,2.9
Town12,738,-3,47.3,1191.8,right,0.167,498.0,23.9,120.0,3.5,2,0,False,-2299.4,3736.4,130.0,1.09
Town12,738,-2,47.3,1191.8,right,0.167,498.0,23.9,120.0,3.5,1,1,False,-2302.5,3734.8,130.0,1.09
Town12,738,-1,47.3,1191.8,right,0.167,498.0,23.9,120.0,3.5,0,2,False,-2305.6,3733.2,130.0,1.09
